<?xml version="1.0" encoding="UTF-8"?>
<metadata xml:lang="id"><Esri><CreaDate>20230210</CreaDate><CreaTime>15021900</CreaTime><ArcGISFormat>1.0</ArcGISFormat><ArcGISstyle>XTools Pro Metadata</ArcGISstyle><SyncOnce>FALSE</SyncOnce><DataProperties><itemProps><itemName Sync="TRUE">Kaw_362_dan_2014_uni</itemName><imsContentType Sync="TRUE">002</imsContentType><itemLocation><linkage Sync="TRUE">file://\\ICRAF-BGR008119\F$\1_Project\35_SFITAL\2_Spatial\19_Final_data_collection\Kaw_362_dan_2014_uni.shp</linkage><protocol Sync="TRUE">Local Area Network</protocol></itemLocation><itemSize Sync="TRUE">0.000</itemSize></itemProps><coordRef><type Sync="TRUE">Projected</type><geogcsn Sync="TRUE">GCS_WGS_1984</geogcsn><csUnits Sync="TRUE">Linear Unit: Meter (1.000000)</csUnits><peXml Sync="TRUE">&lt;ProjectedCoordinateSystem xsi:type='typens:ProjectedCoordinateSystem' xmlns:xsi='http://www.w3.org/2001/XMLSchema-instance' xmlns:xs='http://www.w3.org/2001/XMLSchema' xmlns:typens='http://www.esri.com/schemas/ArcGIS/10.5'&gt;&lt;WKT&gt;PROJCS[&amp;quot;WGS_1984_UTM_Zone_51S&amp;quot;,GEOGCS[&amp;quot;GCS_WGS_1984&amp;quot;,DATUM[&amp;quot;D_WGS_1984&amp;quot;,SPHEROID[&amp;quot;WGS_1984&amp;quot;,6378137.0,298.257223563]],PRIMEM[&amp;quot;Greenwich&amp;quot;,0.0],UNIT[&amp;quot;Degree&amp;quot;,0.0174532925199433]],PROJECTION[&amp;quot;Transverse_Mercator&amp;quot;],PARAMETER[&amp;quot;False_Easting&amp;quot;,500000.0],PARAMETER[&amp;quot;False_Northing&amp;quot;,10000000.0],PARAMETER[&amp;quot;Central_Meridian&amp;quot;,123.0],PARAMETER[&amp;quot;Scale_Factor&amp;quot;,0.9996],PARAMETER[&amp;quot;Latitude_Of_Origin&amp;quot;,0.0],UNIT[&amp;quot;Meter&amp;quot;,1.0],AUTHORITY[&amp;quot;EPSG&amp;quot;,32751]]&lt;/WKT&gt;&lt;XOrigin&gt;-5120900&lt;/XOrigin&gt;&lt;YOrigin&gt;1900&lt;/YOrigin&gt;&lt;XYScale&gt;450445547.3910538&lt;/XYScale&gt;&lt;ZOrigin&gt;-100000&lt;/ZOrigin&gt;&lt;ZScale&gt;10000&lt;/ZScale&gt;&lt;MOrigin&gt;-100000&lt;/MOrigin&gt;&lt;MScale&gt;10000&lt;/MScale&gt;&lt;XYTolerance&gt;0.001&lt;/XYTolerance&gt;&lt;ZTolerance&gt;0.001&lt;/ZTolerance&gt;&lt;MTolerance&gt;0.001&lt;/MTolerance&gt;&lt;HighPrecision&gt;true&lt;/HighPrecision&gt;&lt;WKID&gt;32751&lt;/WKID&gt;&lt;LatestWKID&gt;32751&lt;/LatestWKID&gt;&lt;/ProjectedCoordinateSystem&gt;</peXml><projcsn Sync="TRUE">WGS_1984_UTM_Zone_51S</projcsn></coordRef><lineage><Process ToolSource="c:\program files (x86)\arcgis\desktop10.1\ArcToolbox\Toolboxes\Data Management Tools.tbx\CalculateField" Date="20140923" Time="132359" Name="" export="">CalculateField Kawasan_murni Fungsi "Tubuh Air" VB #</Process><Process ToolSource="c:\program files (x86)\arcgis\desktop10.1\ArcToolbox\Toolboxes\Data Management Tools.tbx\CalculateField" Date="20140923" Time="132500" Name="" export="">CalculateField Kawasan_murni Fungsi "HL" VB #</Process><Process ToolSource="c:\program files (x86)\arcgis\desktop10.1\ArcToolbox\Toolboxes\Data Management Tools.tbx\CalculateField" Date="20140923" Time="132523" Name="" export="">CalculateField Kawasan_murni Fungsi "HL" VB #</Process><Process ToolSource="c:\program files (x86)\arcgis\desktop10.1\ArcToolbox\Toolboxes\Data Management Tools.tbx\CalculateField" Date="20140923" Time="132538" Name="" export="">CalculateField Kawasan_murni keterangan "DPCLS" VB #</Process><Process ToolSource="c:\program files (x86)\arcgis\desktop10.1\ArcToolbox\Toolboxes\Data Management Tools.tbx\CalculateField" Date="20140923" Time="132607" Name="" export="">CalculateField Kawasan_murni keterangan "DPCLS" VB #</Process><Process ToolSource="c:\program files (x86)\arcgis\desktop10.1\ArcToolbox\Toolboxes\Data Management Tools.tbx\CalculateField" Date="20140923" Time="132622" Name="" export="">CalculateField Kawasan_murni Fungsi "SM" VB #</Process><Process ToolSource="c:\program files (x86)\arcgis\desktop10.1\ArcToolbox\Toolboxes\Data Management Tools.tbx\CalculateField" Date="20140923" Time="132640" Name="" export="">CalculateField Kawasan_murni Fungsi "SM" VB #</Process><Process ToolSource="c:\program files (x86)\arcgis\desktop10.1\ArcToolbox\Toolboxes\Data Management Tools.tbx\CalculateField" Date="20140923" Time="132658" Name="" export="">CalculateField Kawasan_murni keterangan "DPCLS" VB #</Process><Process ToolSource="c:\program files (x86)\arcgis\desktop10.1\ArcToolbox\Toolboxes\Data Management Tools.tbx\CalculateField" Date="20140923" Time="132723" Name="" export="">CalculateField Kawasan_murni Fungsi "TB" VB #</Process><Process ToolSource="c:\program files (x86)\arcgis\desktop10.1\ArcToolbox\Toolboxes\Data Management Tools.tbx\CalculateField" Date="20140923" Time="132739" Name="" export="">CalculateField Kawasan_murni keterangan "DPCLS" VB #</Process><Process ToolSource="c:\program files (x86)\arcgis\desktop10.1\ArcToolbox\Toolboxes\Data Management Tools.tbx\CalculateField" Date="20140923" Time="132803" Name="" export="">CalculateField Kawasan_murni Fungsi "TN" VB #</Process><Process ToolSource="c:\program files (x86)\arcgis\desktop10.1\ArcToolbox\Toolboxes\Data Management Tools.tbx\CalculateField" Date="20140923" Time="132819" Name="" export="">CalculateField Kawasan_murni keterangan "DPCLS" VB #</Process><Process ToolSource="c:\program files (x86)\arcgis\desktop10.1\ArcToolbox\Toolboxes\Data Management Tools.tbx\CalculateField" Date="20140923" Time="132844" Name="" export="">CalculateField Kawasan_murni Fungsi "TNL" VB #</Process><Process ToolSource="c:\program files (x86)\arcgis\desktop10.1\ArcToolbox\Toolboxes\Data Management Tools.tbx\CalculateField" Date="20140923" Time="133052" Name="" export="">CalculateField Kawasan_murni Fungsi "TWA" VB #</Process><Process ToolSource="c:\program files (x86)\arcgis\desktop10.1\ArcToolbox\Toolboxes\Data Management Tools.tbx\CalculateField" Date="20140923" Time="133101" Name="" export="">CalculateField Kawasan_murni keterangan "DPCLS" VB #</Process><Process ToolSource="c:\program files (x86)\arcgis\desktop10.1\ArcToolbox\Toolboxes\Data Management Tools.tbx\CalculateField" Date="20140923" Time="133122" Name="" export="">CalculateField Kawasan_murni Fungsi "TWAL" VB #</Process><Process ToolSource="c:\program files (x86)\arcgis\desktop10.1\ArcToolbox\Toolboxes\Data Management Tools.tbx\CalculateField" Date="20140923" Time="133148" Name="" export="">CalculateField Kawasan_murni Fungsi "KSA/KPA Laut" VB #</Process><Process ToolSource="c:\program files (x86)\arcgis\desktop10.1\ArcToolbox\Toolboxes\Data Management Tools.tbx\CalculateField" Date="20140923" Time="133217" Name="" export="">CalculateField Kawasan_murni Fungsi "Tahura" VB #</Process><Process ToolSource="c:\program files (x86)\arcgis\desktop10.1\ArcToolbox\Toolboxes\Data Management Tools.tbx\CalculateField" Date="20140923" Time="133245" Name="" export="">CalculateField Kawasan_murni Fungsi "KSA/KPA" VB #</Process><Process ToolSource="c:\program files (x86)\arcgis\desktop10.1\ArcToolbox\Toolboxes\Data Management Tools.tbx\CalculateField" Date="20140923" Time="133253" Name="" export="">CalculateField Kawasan_murni keterangan "DPCLS" VB #</Process><Process ToolSource="c:\program files (x86)\arcgis\desktop10.1\ArcToolbox\Toolboxes\Data Management Tools.tbx\CalculateField" Date="20140923" Time="133326" Name="" export="">CalculateField Kawasan_murni keterangan "DPCLS" VB #</Process><Process ToolSource="c:\program files (x86)\arcgis\desktop10.1\ArcToolbox\Toolboxes\Data Management Tools.tbx\CalculateField" Date="20140923" Time="133349" Name="" export="">CalculateField Kawasan_murni keterangan "DPCLS" VB #</Process><Process ToolSource="c:\program files (x86)\arcgis\desktop10.1\ArcToolbox\Toolboxes\Data Management Tools.tbx\CalculateField" Date="20140924" Time="130301" Name="" export="">CalculateField Kawasan_murni Fungsi "HPT" VB #</Process><Process ToolSource="c:\program files (x86)\arcgis\desktop10.1\ArcToolbox\Toolboxes\Data Management Tools.tbx\CalculateField" Date="20140926" Time="083628" Name="" export="">CalculateField Kawasan_murni SK_Kawasan "941/Menhut-II/2013" VB #</Process><Process ToolSource="c:\program files (x86)\arcgis\desktop10.1\ArcToolbox\Toolboxes\Data Management Tools.tbx\CalculateField" Date="20140926" Time="083647" Name="" export="">CalculateField Kawasan_murni Tgl_Kawasan "23/12/2013" VB #</Process><Process ToolSource="c:\program files (x86)\arcgis\desktop10.1\ArcToolbox\Toolboxes\Data Management Tools.tbx\CalculateField" Date="20140926" Time="083716" Name="" export="">CalculateField Kawasan_murni SK_Kawasan "220/Kpts-II/2000" VB #</Process><Process ToolSource="c:\program files (x86)\arcgis\desktop10.1\ArcToolbox\Toolboxes\Data Management Tools.tbx\CalculateField" Date="20140926" Time="083727" Name="" export="">CalculateField Kawasan_murni Tgl_Kawasan "02/08/2000" VB #</Process><Process ToolSource="c:\program files (x86)\arcgis\desktop10.1\ArcToolbox\Toolboxes\Data Management Tools.tbx\CalculateField" Date="20140926" Time="083842" Name="" export="">CalculateField Kawasan_murni SK_Kawasan "941/Menhut-II/2013" VB #</Process><Process ToolSource="c:\program files (x86)\arcgis\desktop10.1\ArcToolbox\Toolboxes\Data Management Tools.tbx\CalculateField" Date="20140926" Time="083852" Name="" export="">CalculateField Kawasan_murni Tgl_Kawasan "23/12/2013" VB #</Process><Process ToolSource="c:\program files (x86)\arcgis\desktop10.1\ArcToolbox\Toolboxes\Data Management Tools.tbx\CalculateField" Date="20140926" Time="083942" Name="" export="">CalculateField Kawasan_murni SK_Kawasan "579/Menhut-II/2014" VB #</Process><Process ToolSource="c:\program files (x86)\arcgis\desktop10.1\ArcToolbox\Toolboxes\Data Management Tools.tbx\CalculateField" Date="20140926" Time="083953" Name="" export="">CalculateField Kawasan_murni Tgl_Kawasan "24/06/2014" VB #</Process><Process ToolSource="c:\program files (x86)\arcgis\desktop10.1\ArcToolbox\Toolboxes\Data Management Tools.tbx\CalculateField" Date="20140926" Time="084014" Name="" export="">CalculateField Kawasan_murni SK_Kawasan "35/Menhut-II/2013" VB #</Process><Process ToolSource="c:\program files (x86)\arcgis\desktop10.1\ArcToolbox\Toolboxes\Data Management Tools.tbx\CalculateField" Date="20140926" Time="084025" Name="" export="">CalculateField Kawasan_murni Tgl_Kawasan "15/01/2013" VB #</Process><Process ToolSource="c:\program files (x86)\arcgis\desktop10.1\ArcToolbox\Toolboxes\Data Management Tools.tbx\CalculateField" Date="20140926" Time="084107" Name="" export="">CalculateField Kawasan_murni SK_Kawasan "673/Menhut-II/2014" VB #</Process><Process ToolSource="c:\program files (x86)\arcgis\desktop10.1\ArcToolbox\Toolboxes\Data Management Tools.tbx\CalculateField" Date="20140926" Time="084119" Name="" export="">CalculateField Kawasan_murni Tgl_Kawasan "08/08/2014" VB #</Process><Process ToolSource="c:\program files (x86)\arcgis\desktop10.1\ArcToolbox\Toolboxes\Data Management Tools.tbx\CalculateField" Date="20140926" Time="084144" Name="" export="">CalculateField Kawasan_murni SK_Kawasan "727/Menhut-II/2012" VB #</Process><Process ToolSource="c:\program files (x86)\arcgis\desktop10.1\ArcToolbox\Toolboxes\Data Management Tools.tbx\CalculateField" Date="20140926" Time="084155" Name="" export="">CalculateField Kawasan_murni Tgl_Kawasan "10/12/2012" VB #</Process><Process ToolSource="c:\program files (x86)\arcgis\desktop10.1\ArcToolbox\Toolboxes\Data Management Tools.tbx\CalculateField" Date="20140926" Time="084216" Name="" export="">CalculateField Kawasan_murni SK_Kawasan "822/Menhut-II/2013" VB #</Process><Process ToolSource="c:\program files (x86)\arcgis\desktop10.1\ArcToolbox\Toolboxes\Data Management Tools.tbx\CalculateField" Date="20140926" Time="084230" Name="" export="">CalculateField Kawasan_murni Tgl_Kawasan "19/11/2013" VB #</Process><Process ToolSource="c:\program files (x86)\arcgis\desktop10.1\ArcToolbox\Toolboxes\Data Management Tools.tbx\CalculateField" Date="20140926" Time="084252" Name="" export="">CalculateField Kawasan_murni SK_Kawasan "784/Menhut-II/2012" VB #</Process><Process ToolSource="c:\program files (x86)\arcgis\desktop10.1\ArcToolbox\Toolboxes\Data Management Tools.tbx\CalculateField" Date="20140926" Time="084303" Name="" export="">CalculateField Kawasan_murni Tgl_Kawasan "27/12/2012" VB #</Process><Process ToolSource="c:\program files (x86)\arcgis\desktop10.1\ArcToolbox\Toolboxes\Data Management Tools.tbx\CalculateField" Date="20140926" Time="084323" Name="" export="">CalculateField Kawasan_murni SK_Kawasan "256/Kpts-II/2000" VB #</Process><Process ToolSource="c:\program files (x86)\arcgis\desktop10.1\ArcToolbox\Toolboxes\Data Management Tools.tbx\CalculateField" Date="20140926" Time="084333" Name="" export="">CalculateField Kawasan_murni Tgl_Kawasan "23/08/2000" VB #</Process><Process ToolSource="c:\program files (x86)\arcgis\desktop10.1\ArcToolbox\Toolboxes\Data Management Tools.tbx\CalculateField" Date="20140926" Time="084430" Name="" export="">CalculateField Kawasan_murni SK_Kawasan "733/Menhut-II/2014" VB #</Process><Process ToolSource="c:\program files (x86)\arcgis\desktop10.1\ArcToolbox\Toolboxes\Data Management Tools.tbx\CalculateField" Date="20140926" Time="084507" Name="" export="">CalculateField Kawasan_murni SK_Kawasan "529/Menhut-II/2012" VB #</Process><Process ToolSource="c:\program files (x86)\arcgis\desktop10.1\ArcToolbox\Toolboxes\Data Management Tools.tbx\CalculateField" Date="20140926" Time="084528" Name="" export="">CalculateField Kawasan_murni Tgl_Kawasan "25/09/2012" VB #</Process><Process ToolSource="c:\program files (x86)\arcgis\desktop10.1\ArcToolbox\Toolboxes\Data Management Tools.tbx\CalculateField" Date="20140926" Time="084653" Name="" export="">CalculateField Kawasan_murni SK_Kawasan "435/Menhut-II/2009" VB #</Process><Process ToolSource="c:\program files (x86)\arcgis\desktop10.1\ArcToolbox\Toolboxes\Data Management Tools.tbx\CalculateField" Date="20140926" Time="084712" Name="" export="">CalculateField Kawasan_murni Tgl_Kawasan "23/07/2009" VB #</Process><Process ToolSource="c:\program files (x86)\arcgis\desktop10.1\ArcToolbox\Toolboxes\Data Management Tools.tbx\CalculateField" Date="20140926" Time="084812" Name="" export="">CalculateField Kawasan_murni SK_Kawasan "718/Menhut-II/2014" VB #</Process><Process ToolSource="c:\program files (x86)\arcgis\desktop10.1\ArcToolbox\Toolboxes\Data Management Tools.tbx\CalculateField" Date="20140926" Time="084825" Name="" export="">CalculateField Kawasan_murni Tgl_Kawasan "29/08/2014" VB #</Process><Process ToolSource="c:\program files (x86)\arcgis\desktop10.1\ArcToolbox\Toolboxes\Data Management Tools.tbx\CalculateField" Date="20140926" Time="084925" Name="" export="">CalculateField Kawasan_murni SK_Kawasan "734/Menhut-II/2014" VB #</Process><Process ToolSource="c:\program files (x86)\arcgis\desktop10.1\ArcToolbox\Toolboxes\Data Management Tools.tbx\CalculateField" Date="20140926" Time="084937" Name="" export="">CalculateField Kawasan_murni Tgl_Kawasan "02/09/2014" VB #</Process><Process ToolSource="c:\program files (x86)\arcgis\desktop10.1\ArcToolbox\Toolboxes\Data Management Tools.tbx\CalculateField" Date="20140926" Time="085339" Name="" export="">CalculateField Kawasan_murni SK_Kawasan "708/Menhut-II/2014" VB #</Process><Process ToolSource="c:\program files (x86)\arcgis\desktop10.1\ArcToolbox\Toolboxes\Data Management Tools.tbx\CalculateField" Date="20140926" Time="085353" Name="" export="">CalculateField Kawasan_murni Tgl_Kawasan "22/08/2014" VB #</Process><Process ToolSource="c:\program files (x86)\arcgis\desktop10.1\ArcToolbox\Toolboxes\Data Management Tools.tbx\CalculateField" Date="20140926" Time="085429" Name="" export="">CalculateField Kawasan_murni SK_Kawasan "434/Menhut-II/2009" VB #</Process><Process ToolSource="c:\program files (x86)\arcgis\desktop10.1\ArcToolbox\Toolboxes\Data Management Tools.tbx\CalculateField" Date="20140926" Time="085440" Name="" export="">CalculateField Kawasan_murni Tgl_Kawasan "23/07/2009" VB #</Process><Process ToolSource="c:\program files (x86)\arcgis\desktop10.1\ArcToolbox\Toolboxes\Data Management Tools.tbx\CalculateField" Date="20140926" Time="085527" Name="" export="">CalculateField Kawasan_murni SK_Kawasan "465/Menhut-II/2011" VB #</Process><Process ToolSource="c:\program files (x86)\arcgis\desktop10.1\ArcToolbox\Toolboxes\Data Management Tools.tbx\CalculateField" Date="20140926" Time="085542" Name="" export="">CalculateField Kawasan_murni Tgl_Kawasan "09/08/2011" VB #</Process><Process ToolSource="c:\program files (x86)\arcgis\desktop10.1\ArcToolbox\Toolboxes\Data Management Tools.tbx\CalculateField" Date="20140926" Time="085619" Name="" export="">CalculateField Kawasan_murni SK_Kawasan "325/Menhut-II/2010" VB #</Process><Process ToolSource="c:\program files (x86)\arcgis\desktop10.1\ArcToolbox\Toolboxes\Data Management Tools.tbx\CalculateField" Date="20140926" Time="085632" Name="" export="">CalculateField Kawasan_murni Tgl_Kawasan "25/05/2010" VB #</Process><Process ToolSource="c:\program files (x86)\arcgis\desktop10.1\ArcToolbox\Toolboxes\Data Management Tools.tbx\CalculateField" Date="20140926" Time="085654" Name="" export="">CalculateField Kawasan_murni SK_Kawasan "726/Menhut-II/2012" VB #</Process><Process ToolSource="c:\program files (x86)\arcgis\desktop10.1\ArcToolbox\Toolboxes\Data Management Tools.tbx\CalculateField" Date="20140926" Time="085705" Name="" export="">CalculateField Kawasan_murni Tgl_Kawasan "10/12/2012" VB #</Process><Process ToolSource="c:\program files (x86)\arcgis\desktop10.1\ArcToolbox\Toolboxes\Data Management Tools.tbx\CalculateField" Date="20140926" Time="085730" Name="" export="">CalculateField Kawasan_murni SK_Kawasan "871/Menhut-II/2013" VB #</Process><Process ToolSource="c:\program files (x86)\arcgis\desktop10.1\ArcToolbox\Toolboxes\Data Management Tools.tbx\CalculateField" Date="20140926" Time="085741" Name="" export="">CalculateField Kawasan_murni Tgl_Kawasan "06/12/2013" VB #</Process><Process ToolSource="c:\program files (x86)\arcgis\desktop10.1\ArcToolbox\Toolboxes\Data Management Tools.tbx\CalculateField" Date="20140926" Time="085802" Name="" export="">CalculateField Kawasan_murni SK_Kawasan "302/Menhut-II/2013" VB #</Process><Process ToolSource="c:\program files (x86)\arcgis\desktop10.1\ArcToolbox\Toolboxes\Data Management Tools.tbx\CalculateField" Date="20140926" Time="085814" Name="" export="">CalculateField Kawasan_murni Tgl_Kawasan "01/05/2013" VB #</Process><Process ToolSource="c:\program files (x86)\arcgis\desktop10.1\ArcToolbox\Toolboxes\Data Management Tools.tbx\CalculateField" Date="20140926" Time="085838" Name="" export="">CalculateField Kawasan_murni SK_Kawasan " 710/Menhut-II/2014" VB #</Process><Process ToolSource="c:\program files (x86)\arcgis\desktop10.1\ArcToolbox\Toolboxes\Data Management Tools.tbx\CalculateField" Date="20140926" Time="085853" Name="" export="">CalculateField Kawasan_murni Tgl_Kawasan "27/08/2014" VB #</Process><Process ToolSource="c:\program files (x86)\arcgis\desktop10.1\ArcToolbox\Toolboxes\Data Management Tools.tbx\CalculateField" Date="20140926" Time="085924" Name="" export="">CalculateField Kawasan_murni SK_Kawasan "782/Menhut-II/2012" VB #</Process><Process ToolSource="c:\program files (x86)\arcgis\desktop10.1\ArcToolbox\Toolboxes\Data Management Tools.tbx\CalculateField" Date="20140926" Time="085953" Name="" export="">CalculateField Kawasan_murni Tgl_Kawasan "27/12/2012" VB #</Process><Process ToolSource="c:\program files (x86)\arcgis\desktop10.1\ArcToolbox\Toolboxes\Data Management Tools.tbx\CalculateField" Date="20140926" Time="090015" Name="" export="">CalculateField Kawasan_murni SK_Kawasan "433/Kpts-II/1999" VB #</Process><Process ToolSource="c:\program files (x86)\arcgis\desktop10.1\ArcToolbox\Toolboxes\Data Management Tools.tbx\CalculateField" Date="20140926" Time="090026" Name="" export="">CalculateField Kawasan_murni Tgl_Kawasan "15/06/1999" VB #</Process><Process ToolSource="c:\program files (x86)\arcgis\desktop10.1\ArcToolbox\Toolboxes\Data Management Tools.tbx\CalculateField" Date="20140926" Time="090054" Name="" export="">CalculateField Kawasan_murni SK_Kawasan "598/Menhut-II/2009" VB #</Process><Process ToolSource="c:\program files (x86)\arcgis\desktop10.1\ArcToolbox\Toolboxes\Data Management Tools.tbx\CalculateField" Date="20140926" Time="090105" Name="" export="">CalculateField Kawasan_murni Tgl_Kawasan "02/10/2009" VB #</Process><Process ToolSource="c:\program files (x86)\arcgis\desktop10.1\ArcToolbox\Toolboxes\Data Management Tools.tbx\CalculateField" Date="20140926" Time="090144" Name="" export="">CalculateField Kawasan_murni SK_Kawasan "195/Kpts-II/2003" VB #</Process><Process ToolSource="c:\program files (x86)\arcgis\desktop10.1\ArcToolbox\Toolboxes\Data Management Tools.tbx\CalculateField" Date="20140926" Time="090208" Name="" export="">CalculateField Kawasan_murni SK_Kawasan "359/Menhut-II/2004" VB #</Process><Process ToolSource="c:\program files (x86)\arcgis\desktop10.1\ArcToolbox\Toolboxes\Data Management Tools.tbx\CalculateField" Date="20140926" Time="090220" Name="" export="">CalculateField Kawasan_murni Tgl_Kawasan "01/10/2004" VB #</Process><Process ToolSource="c:\program files (x86)\arcgis\desktop10.1\ArcToolbox\Toolboxes\Data Management Tools.tbx\CalculateField" Date="20140926" Time="090258" Name="" export="">CalculateField Kawasan_murni SK_Kawasan "395/Menhut-II/2011" VB #</Process><Process ToolSource="c:\program files (x86)\arcgis\desktop10.1\ArcToolbox\Toolboxes\Data Management Tools.tbx\CalculateField" Date="20140926" Time="090311" Name="" export="">CalculateField Kawasan_murni Tgl_Kawasan "21/07/2011" VB #</Process><Process ToolSource="c:\program files (x86)\arcgis\desktop10.1\ArcToolbox\Toolboxes\Data Management Tools.tbx\CalculateField" Date="20140926" Time="090330" Name="" export="">CalculateField Kawasan_murni SK_Kawasan "419/Kpts-II/1999" VB #</Process><Process ToolSource="c:\program files (x86)\arcgis\desktop10.1\ArcToolbox\Toolboxes\Data Management Tools.tbx\CalculateField" Date="20140926" Time="090342" Name="" export="">CalculateField Kawasan_murni Tgl_Kawasan "15/06/1999" VB #</Process><Process ToolSource="c:\program files (x86)\arcgis\desktop10.1\ArcToolbox\Toolboxes\Data Management Tools.tbx\CalculateField" Date="20140926" Time="090431" Name="" export="">CalculateField Kawasan_murni SK_Kawasan "171/Kpts-II/2000" VB #</Process><Process ToolSource="c:\program files (x86)\arcgis\desktop10.1\ArcToolbox\Toolboxes\Data Management Tools.tbx\CalculateField" Date="20140926" Time="090442" Name="" export="">CalculateField Kawasan_murni Tgl_Kawasan "29/06/2000" VB #</Process><Process ToolSource="c:\program files (x86)\arcgis\desktop10.1\ArcToolbox\Toolboxes\Data Management Tools.tbx\CalculateField" Date="20140926" Time="091937" Name="" export="">CalculateField Kawasan_murni SK_Kawasan "798/Menhut-II/2012" VB #</Process><Process ToolSource="c:\program files (x86)\arcgis\desktop10.1\ArcToolbox\Toolboxes\Data Management Tools.tbx\CalculateField" Date="20140926" Time="091950" Name="" export="">CalculateField Kawasan_murni Tgl_Kawasan "27/12/2012" VB #</Process><Process ToolSource="c:\program files (x86)\arcgis\desktop10.1\ArcToolbox\Toolboxes\Data Management Tools.tbx\CalculateField" Date="20140926" Time="092049" Name="" export="">CalculateField Kawasan_murni SK_Kawasan "463/Menhut-II/2013" VB #</Process><Process ToolSource="c:\program files (x86)\arcgis\desktop10.1\ArcToolbox\Toolboxes\Data Management Tools.tbx\CalculateField" Date="20140926" Time="092112" Name="" export="">CalculateField Kawasan_murni Tgl_Kawasan "27/06/2013" VB #</Process><Process ToolSource="c:\program files (x86)\arcgis\desktop10.1\ArcToolbox\Toolboxes\Data Management Tools.tbx\CalculateField" Date="20140926" Time="092558" Name="" export="">CalculateField Kawasan_murni Fungsi "Tubuh Air" VB #</Process><Process ToolSource="c:\program files (x86)\arcgis\desktop10.1\ArcToolbox\Toolboxes\Data Management Tools.tbx\CalculateField" Date="20140926" Time="092631" Name="" export="">CalculateField Kawasan_murni Fungsi "KSA" VB #</Process><Process ToolSource="c:\program files (x86)\arcgis\desktop10.1\ArcToolbox\Toolboxes\Data Management Tools.tbx\CalculateField" Date="20140926" Time="092649" Name="" export="">CalculateField Kawasan_murni Fungsi "Tahura" VB #</Process><Process ToolSource="c:\program files (x86)\arcgis\desktop10.1\ArcToolbox\Toolboxes\Data Management Tools.tbx\CalculateField" Date="20140926" Time="092708" Name="" export="">CalculateField Kawasan_murni Fungsi "Tubuh Air" VB #</Process><Process ToolSource="c:\program files (x86)\arcgis\desktop10.1\ArcToolbox\Toolboxes\Data Management Tools.tbx\CalculateField" Date="20140926" Time="092816" Name="" export="">CalculateField Kawasan_murni keterangan "DPCLS" VB #</Process><Process ToolSource="c:\program files (x86)\arcgis\desktop10.1\ArcToolbox\Toolboxes\Data Management Tools.tbx\CalculateField" Date="20140926" Time="093226" Name="" export="">CalculateField Kawasan_murni keterangan "DPCLS" VB #</Process><Process ToolSource="c:\program files (x86)\arcgis\desktop10.1\ArcToolbox\Toolboxes\Data Management Tools.tbx\CalculateField" Date="20140926" Time="093400" Name="" export="">CalculateField Kawasan_murni Fungsi_Kws 1007 VB #</Process><Process ToolSource="c:\program files (x86)\arcgis\desktop10.1\ArcToolbox\Toolboxes\Data Management Tools.tbx\CalculateField" Date="20140926" Time="093421" Name="" export="">CalculateField Kawasan_murni Fungsi_Kws 10021 VB #</Process><Process ToolSource="c:\program files (x86)\arcgis\desktop10.1\ArcToolbox\Toolboxes\Data Management Tools.tbx\CalculateField" Date="20140926" Time="093542" Name="" export="">CalculateField Kawasan_murni Fungsi_Kws 100211 VB #</Process><Process ToolSource="c:\program files (x86)\arcgis\desktop10.1\ArcToolbox\Toolboxes\Data Management Tools.tbx\CalculateField" Date="20140926" Time="093634" Name="" export="">CalculateField Kawasan_murni Fungsi_Kws 5001 VB #</Process><Process ToolSource="c:\program files (x86)\arcgis\desktop10.1\ArcToolbox\Toolboxes\Data Management Tools.tbx\CalculateField" Date="20140926" Time="093649" Name="" export="">CalculateField Kawasan_murni Fungsi_Kws 1001 VB #</Process><Process ToolSource="c:\program files (x86)\arcgis\desktop10.1\ArcToolbox\Toolboxes\Data Management Tools.tbx\CalculateField" Date="20140926" Time="093703" Name="" export="">CalculateField Kawasan_murni Fungsi_Kws 1003 VB #</Process><Process ToolSource="c:\program files (x86)\arcgis\desktop10.1\ArcToolbox\Toolboxes\Data Management Tools.tbx\CalculateField" Date="20140926" Time="093714" Name="" export="">CalculateField Kawasan_murni Fungsi_Kws 1005 VB #</Process><Process ToolSource="c:\program files (x86)\arcgis\desktop10.1\ArcToolbox\Toolboxes\Data Management Tools.tbx\CalculateField" Date="20140926" Time="093729" Name="" export="">CalculateField Kawasan_murni Fungsi_Kws 1004 VB #</Process><Process ToolSource="c:\program files (x86)\arcgis\desktop10.1\ArcToolbox\Toolboxes\Data Management Tools.tbx\CalculateField" Date="20140926" Time="095615" Name="" export="">CalculateField Kawasan_murni Fungsi_Kws 1002 VB #</Process><Process ToolSource="c:\program files (x86)\arcgis\desktop10.1\ArcToolbox\Toolboxes\Data Management Tools.tbx\CalculateField" Date="20140926" Time="095630" Name="" export="">CalculateField Kawasan_murni Fungsi_Kws 1002 VB #</Process><Process ToolSource="c:\program files (x86)\arcgis\desktop10.1\ArcToolbox\Toolboxes\Data Management Tools.tbx\CalculateField" Date="20140926" Time="095650" Name="" export="">CalculateField Kawasan_murni Fungsi KSAL VB #</Process><Process ToolSource="c:\program files (x86)\arcgis\desktop10.1\ArcToolbox\Toolboxes\Data Management Tools.tbx\CalculateField" Date="20140926" Time="095714" Name="" export="">CalculateField Kawasan_murni Fungsi "KSAL" VB #</Process><Process ToolSource="c:\program files (x86)\arcgis\desktop10.1\ArcToolbox\Toolboxes\Data Management Tools.tbx\CalculateField" Date="20140926" Time="095749" Name="" export="">CalculateField Kawasan_murni Fungsi "KSA/KPA Laut" VB #</Process><Process ToolSource="c:\program files (x86)\arcgis\desktop10.1\ArcToolbox\Toolboxes\Data Management Tools.tbx\CalculateField" Date="20140926" Time="095912" Name="" export="">CalculateField Kawasan_murni Fungsi_Kws 1 VB #</Process><Process ToolSource="c:\program files (x86)\arcgis\desktop10.1\ArcToolbox\Toolboxes\Data Management Tools.tbx\CalculateField" Date="20140926" Time="095942" Name="" export="">CalculateField Kawasan_murni Fungsi_Kws 100201 VB #</Process><Process ToolSource="c:\program files (x86)\arcgis\desktop10.1\ArcToolbox\Toolboxes\Data Management Tools.tbx\CalculateField" Date="20140926" Time="095953" Name="" export="">CalculateField Kawasan_murni Fungsi_Kws 100201 VB #</Process><Process ToolSource="c:\program files (x86)\arcgis\desktop10.1\ArcToolbox\Toolboxes\Data Management Tools.tbx\CalculateField" Date="20140926" Time="100010" Name="" export="">CalculateField Kawasan_murni Fungsi_Kws 1002 VB #</Process><Process ToolSource="c:\program files (x86)\arcgis\desktop10.1\ArcToolbox\Toolboxes\Data Management Tools.tbx\CalculateField" Date="20140926" Time="100022" Name="" export="">CalculateField Kawasan_murni Fungsi_Kws 10022 VB #</Process><Process ToolSource="c:\program files (x86)\arcgis\desktop10.1\ArcToolbox\Toolboxes\Data Management Tools.tbx\CalculateField" Date="20140926" Time="100049" Name="" export="">CalculateField Kawasan_murni Fungsi_Kws 100221 VB #</Process><Process ToolSource="c:\program files (x86)\arcgis\desktop10.1\ArcToolbox\Toolboxes\Data Management Tools.tbx\CalculateField" Date="20140926" Time="100101" Name="" export="">CalculateField Kawasan_murni Fungsi_Kws 10026 VB #</Process><Process ToolSource="c:\program files (x86)\arcgis\desktop10.1\ArcToolbox\Toolboxes\Data Management Tools.tbx\CalculateField" Date="20140926" Time="100133" Name="" export="">CalculateField Kawasan_murni Fungsi_Kws 10023 VB #</Process><Process ToolSource="c:\program files (x86)\arcgis\desktop10.1\ArcToolbox\Toolboxes\Data Management Tools.tbx\CalculateField" Date="20140926" Time="100146" Name="" export="">CalculateField Kawasan_murni Fungsi_Kws 10024 VB #</Process><Process ToolSource="c:\program files (x86)\arcgis\desktop10.1\ArcToolbox\Toolboxes\Data Management Tools.tbx\CalculateField" Date="20140926" Time="100156" Name="" export="">CalculateField Kawasan_murni Fungsi_Kws 100241 VB #</Process><Process ToolSource="c:\program files (x86)\arcgis\desktop10.1\ArcToolbox\Toolboxes\Data Management Tools.tbx\CalculateField" Date="20140926" Time="100208" Name="" export="">CalculateField Kawasan_murni Fungsi_Kws 5003 VB #</Process><Process ToolSource="c:\program files (x86)\arcgis\desktop10.1\ArcToolbox\Toolboxes\Data Management Tools.tbx\CalculateField" Date="20140926" Time="100223" Name="" export="">CalculateField Kawasan_murni Fungsi_Kws 10025 VB #</Process><Process ToolSource="c:\program files (x86)\arcgis\desktop10.1\ArcToolbox\Toolboxes\Data Management Tools.tbx\CalculateField" Date="20140926" Time="100240" Name="" export="">CalculateField Kawasan_murni Fungsi_Kws 100251 VB #</Process><Process ToolSource="c:\program files (x86)\arcgis\desktop10.1\ArcToolbox\Toolboxes\Data Management Tools.tbx\CalculateField" Date="20140926" Time="100356" Name="" export="">CalculateField Kawasan_murni Fungsi_Kws 10031 VB #</Process><Process ToolSource="c:\program files (x86)\arcgis\desktop10.1\ArcToolbox\Toolboxes\Data Management Tools.tbx\CalculateField" Date="20140926" Time="100407" Name="" export="">CalculateField Kawasan_murni Fungsi_Kws 10032 VB #</Process><Process ToolSource="c:\program files (x86)\arcgis\desktop10.1\ArcToolbox\Toolboxes\Data Management Tools.tbx\CalculateField" Date="20140926" Time="100449" Name="" export="">CalculateField Kawasan_murni Tgl_Kawasan "04/07/2003" VB #</Process><Process ToolSource="c:\program files (x86)\arcgis\desktop10.1\ArcToolbox\Toolboxes\Data Management Tools.tbx\CalculateField" Date="20140926" Time="100559" Name="" export="">CalculateField Kawasan_murni Tgl_Kawasan "02/09/2014" VB #</Process><Process ToolSource="c:\program files (x86)\arcgis\desktop10.1\ArcToolbox\Toolboxes\Data Management Tools.tbx\CalculateField" Date="20140926" Time="103200">CalculateField Kawasan_murni DPCLS "DPCLS" VB #</Process><Process ToolSource="c:\program files (x86)\arcgis\desktop10.1\ArcToolbox\Toolboxes\Data Management Tools.tbx\CalculateField" Date="20140926" Time="103301">CalculateField Kawasan_murni Keterangans [keterangan] VB #</Process><Process ToolSource="c:\program files (x86)\arcgis\desktop10.1\ArcToolbox\Toolboxes\Data Management Tools.tbx\CalculateField" Date="20140926" Time="103439">CalculateField Kawasan_murni Keterangan [Keterangans] VB #</Process><Process ToolSource="c:\program files (x86)\arcgis\desktop10.1\ArcToolbox\Toolboxes\Data Management Tools.tbx\CalculateField" Date="20140926" Time="103458">CalculateField Kawasan_murni Keterangan [Keterangans] VB #</Process><Process ToolSource="c:\program files (x86)\arcgis\desktop10.1\ArcToolbox\Toolboxes\Data Management Tools.tbx\CalculateField" Date="20140926" Time="103558">CalculateField Kawasan_murni Keterangan "" VB #</Process><Process ToolSource="c:\program files (x86)\arcgis\desktop10.1\ArcToolbox\Toolboxes\Data Management Tools.tbx\CalculateField" Date="20140926" Time="113534">CalculateField Kawasan_SK Fungsi "KSA/KPA Laut" VB #</Process><Process ToolSource="c:\program files (x86)\arcgis\desktop10.1\ArcToolbox\Toolboxes\Data Management Tools.tbx\CalculateField" Date="20140926" Time="113618">CalculateField Kawasan_SK Fungsi "KSAL/KPAL" VB #</Process><Process ToolSource="c:\program files (x86)\arcgis\desktop10.1\ArcToolbox\Toolboxes\Data Management Tools.tbx\CalculateField" Date="20140926" Time="113724">CalculateField Kawasan_SK Fungsi "HL" VB #</Process><Process ToolSource="c:\program files (x86)\arcgis\desktop10.1\ArcToolbox\Toolboxes\Data Management Tools.tbx\CalculateField" Date="20140926" Time="113747">CalculateField Kawasan_SK Fungsi "KSA" VB #</Process><Process ToolSource="c:\program files (x86)\arcgis\desktop10.1\ArcToolbox\Toolboxes\Data Management Tools.tbx\CalculateField" Date="20140926" Time="113805">CalculateField Kawasan_SK Fungsi "HP" VB #</Process><Process ToolSource="c:\program files (x86)\arcgis\desktop10.1\ArcToolbox\Toolboxes\Data Management Tools.tbx\CalculateField" Date="20140926" Time="113815">CalculateField Kawasan_SK Fungsi "HPT" VB #</Process><Process ToolSource="c:\program files (x86)\arcgis\desktop10.1\ArcToolbox\Toolboxes\Data Management Tools.tbx\CalculateField" Date="20140926" Time="113828">CalculateField Kawasan_SK Fungsi "APL" VB #</Process><Process ToolSource="c:\program files (x86)\arcgis\desktop10.1\ArcToolbox\Toolboxes\Data Management Tools.tbx\CalculateField" Date="20140926" Time="113844">CalculateField Kawasan_SK Fungsi "Danau" VB #</Process><Process ToolSource="c:\program files (x86)\arcgis\desktop10.1\ArcToolbox\Toolboxes\Data Management Tools.tbx\CalculateField" Date="20140926" Time="113858">CalculateField Kawasan_SK Fungsi "TNL" VB #</Process><Process ToolSource="c:\program files (x86)\arcgis\desktop10.1\ArcToolbox\Toolboxes\Data Management Tools.tbx\CalculateField" Date="20140926" Time="114003">CalculateField Kawasan_SK SK_Kawasan "433/Kpts-II/1999" VB #</Process><Process ToolSource="c:\program files (x86)\arcgis\desktop10.1\ArcToolbox\Toolboxes\Data Management Tools.tbx\CalculateField" Date="20140926" Time="114016">CalculateField Kawasan_SK Tgl_Kawasan "15/06/1999" VB #</Process><Process ToolSource="c:\program files (x86)\arcgis\desktop10.1\ArcToolbox\Toolboxes\Data Management Tools.tbx\CalculateField" Date="20140926" Time="114115">CalculateField Kawasan_SK SK_Kawasan "395/Menhut-II/2011" VB #</Process><Process ToolSource="c:\program files (x86)\arcgis\desktop10.1\ArcToolbox\Toolboxes\Data Management Tools.tbx\CalculateField" Date="20140926" Time="114130">CalculateField Kawasan_SK Tgl_Kawasan "21/07/2011" VB #</Process><Process ToolSource="c:\program files\arcgis\pro\Resources\ArcToolbox\toolboxes\Analysis Tools.tbx\Clip" Date="20221011" Time="163650">Clip Penunjukan_kawasan_hutan_okt2014 Admin_kec_basemap F:\1_Project\35_SFITAL\2_Spatial\19_Final_data_collection\Fkaw2014.shp #</Process><Process ToolSource="f:\0_core\program files (x86)\arcgis\desktop10.5\ArcToolbox\Toolboxes\Data Management Tools.tbx\Project" Date="20221011" Time="163804">Project Fkaw2014 F:\1_Project\35_SFITAL\2_Spatial\19_Final_data_collection\Fkaw2014_51s.shp PROJCS['WGS_1984_UTM_Zone_51S',GEOGCS['GCS_WGS_1984',DATUM['D_WGS_1984',SPHEROID['WGS_1984',6378137.0,298.257223563]],PRIMEM['Greenwich',0.0],UNIT['Degree',0.0174532925199433]],PROJECTION['Transverse_Mercator'],PARAMETER['False_Easting',500000.0],PARAMETER['False_Northing',10000000.0],PARAMETER['Central_Meridian',123.0],PARAMETER['Scale_Factor',0.9996],PARAMETER['Latitude_Of_Origin',0.0],UNIT['Meter',1.0]] # GEOGCS['GCS_WGS_1984',DATUM['D_WGS_1984',SPHEROID['WGS_1984',6378137.0,298.257223563]],PRIMEM['Greenwich',0.0],UNIT['Degree',0.0174532925199433]] NO_PRESERVE_SHAPE # NO_VERTICAL</Process><Process ToolSource="f:\0_core\program files (x86)\arcgis\desktop10.5\ArcToolbox\Toolboxes\Analysis Tools.tbx\Union" Date="20221011" Time="163842">Union "FKaw2014_51s #;'SK362 clip_51s' #" F:\1_Project\35_SFITAL\2_Spatial\19_Final_data_collection\Kaw_362_dan_2014.shp ALL # GAPS</Process><Process ToolSource="f:\0_core\program files (x86)\arcgis\desktop10.5\ArcToolbox\Toolboxes\Data Management Tools.tbx\CalculateField" Date="20221011" Time="164158">CalculateField Kaw_362_dan_2014 union [F_SK_362] VB #</Process><Process ToolSource="f:\0_core\program files (x86)\arcgis\desktop10.5\ArcToolbox\Toolboxes\Data Management Tools.tbx\CalculateField" Date="20221011" Time="164220">CalculateField Kaw_362_dan_2014 union [Fungsi] VB #</Process><Process ToolSource="f:\0_core\program files (x86)\arcgis\desktop10.5\ArcToolbox\Toolboxes\Data Management Tools.tbx\Dissolve" Date="20221011" Time="164342">Dissolve Kaw_362_dan_2014 F:\1_Project\35_SFITAL\2_Spatial\19_Final_data_collection\Kaw_362_dan_2014_uni.shp union # MULTI_PART DISSOLVE_LINES</Process></lineage></DataProperties><SyncDate>20221011</SyncDate><SyncTime>16433800</SyncTime><ModDate>20221011</ModDate><ModTime>16433800</ModTime><ArcGISProfile>FGDC</ArcGISProfile></Esri><dataIdInfo><envirDesc Sync="TRUE"> Version 6.2 (Build 9200) ; Esri ArcGIS 10.5.0.6491</envirDesc><dataLang><languageCode value="eng" Sync="TRUE"/><countryCode value="IDN" Sync="TRUE"/></dataLang><idCitation><resTitle Sync="TRUE">Kaw_362_dan_2014_uni</resTitle><presForm><PresFormCd value="005" Sync="TRUE"/></presForm></idCitation><spatRpType><SpatRepTypCd value="001" Sync="TRUE"/></spatRpType></dataIdInfo><mdLang><languageCode value="eng" Sync="TRUE"/><countryCode value="IDN" Sync="TRUE"/></mdLang><distInfo><distFormat><formatName Sync="TRUE">Shapefile</formatName></distFormat><distTranOps><transSize Sync="TRUE">0.000</transSize></distTranOps></distInfo><mdHrLv><ScopeCd value="005" Sync="TRUE"/></mdHrLv><mdHrLvName Sync="TRUE">dataset</mdHrLvName><refSysInfo><RefSystem><refSysID><identCode code="32751" Sync="TRUE" value="4326"/><idCodeSpace Sync="TRUE">EPSG</idCodeSpace><idVersion Sync="TRUE">6.11.1(3.0.1)</idVersion></refSysID></RefSystem></refSysInfo><spatRepInfo><VectSpatRep><geometObjs Name="Kaw_362_dan_2014_uni"><geoObjTyp><GeoObjTypCd value="002" Sync="TRUE"></GeoObjTypCd></geoObjTyp><geoObjCnt Sync="TRUE">0</geoObjCnt></geometObjs><topLvl><TopoLevCd value="001" Sync="TRUE"></TopoLevCd></topLvl></VectSpatRep></spatRepInfo><spdoinfo><direct Sync="TRUE">Vector</direct><ptvctinf><esriterm Name="Kaw_362_dan_2014_uni"><efeatyp Sync="TRUE">Simple</efeatyp><efeageom code="4" Sync="TRUE"></efeageom><esritopo Sync="TRUE">FALSE</esritopo><efeacnt Sync="TRUE">0</efeacnt><spindex Sync="TRUE">FALSE</spindex><linrefer Sync="TRUE">TRUE</linrefer></esriterm></ptvctinf></spdoinfo><eainfo><detailed Name="Kaw_362_dan_2014_uni"><enttyp><enttypl Sync="TRUE">Kaw_362_dan_2014_uni</enttypl><enttypt Sync="TRUE">Feature Class</enttypt><enttypc Sync="TRUE">0</enttypc></enttyp><attr><attrlabl Sync="TRUE">FID</attrlabl><attalias Sync="TRUE">FID</attalias><attrtype Sync="TRUE">OID</attrtype><attwidth Sync="TRUE">4</attwidth><atprecis Sync="TRUE">0</atprecis><attscale Sync="TRUE">0</attscale><attrdef Sync="TRUE">Internal feature number.</attrdef><attrdefs Sync="TRUE">Esri</attrdefs><attrdomv><udom Sync="TRUE">Sequential unique whole numbers that are automatically generated.</udom></attrdomv></attr><attr><attrlabl Sync="TRUE">SHAPE</attrlabl><attalias Sync="TRUE">Shape</attalias><attrtype Sync="TRUE">Geometry</attrtype><attwidth Sync="TRUE">0</attwidth><atprecis Sync="TRUE">0</atprecis><attscale Sync="TRUE">0</attscale><attrdef Sync="TRUE">Feature geometry.</attrdef><attrdefs Sync="TRUE">Esri</attrdefs><attrdomv><udom Sync="TRUE">Coordinates defining the features.</udom></attrdomv></attr><attr><attrlabl Sync="TRUE">union</attrlabl><attalias Sync="TRUE">union</attalias><attrtype Sync="TRUE">String</attrtype><attwidth Sync="TRUE">10</attwidth><atprecis Sync="TRUE">0</atprecis><attscale Sync="TRUE">0</attscale></attr></detailed></eainfo><mdDateSt Sync="TRUE">20221011</mdDateSt><idinfo><native Sync="TRUE">Microsoft Windows 7 Version 6.1 (Build 7601) Service Pack 1; Esri ArcGIS 10.1.0.3035</native><citation><citeinfo><title Sync="TRUE">murni</title><pubdate></pubdate><onlink>file://\\NANANG\L\Editing_spasial\one_map_kawasan.gdb</onlink><pubinfo/><serinfo/><lworkcit><citeinfo><title></title><pubdate></pubdate><pubinfo/><serinfo/></citeinfo></lworkcit></citeinfo></citation><descript><langdata Sync="TRUE">Indonesian (Indonesia)</langdata><abstract>- Peta Kawasan Hutan hanya berdasarkan SK Menteri
- Peta kawasan Banten menggunakan SK. 419  yang dihitung secara digital wilayah
administrasi   PDTK.
- data proses pengukuhan kawasan hutan (tata batas, penunjukan parsial, perubahan fungsi dan pelepasan kawasan hutan serta penetapan) tidak termasuk didalamnya   </abstract><purpose></purpose></descript><natvform Sync="TRUE">File Geodatabase Feature Class</natvform><spdom><bounding><westbc Sync="TRUE">94.9661083220001</westbc><eastbc Sync="TRUE">141.030606226</eastbc><northbc Sync="TRUE">6.07573242000007</northbc><southbc Sync="TRUE">-11.008322716</southbc></bounding></spdom><ptcontac><cntinfo><cntperp><cntorg>Direktorat Pengukuhan Penatagunaan dan Tenurial Kawasan Hutan</cntorg><cntper>Subdit Informasi dan Dokumentasi Kawasan Hutan</cntper></cntperp><cntinst>Jl. Ir. H. Juanda No. 100 Bogor Telp 0251 8313412</cntinst></cntinfo></ptcontac><timeperd><current>data SK per september 2014</current><timeinfo></timeinfo></timeperd><status><progress>In work</progress><update>Irregular</update></status><accconst>Data spasial kawasan hutan di wilayah NKRI sesuai dengan data versi cetak.</accconst><useconst></useconst></idinfo><metainfo><langmeta Sync="TRUE">en</langmeta><metd Sync="TRUE">20140926</metd><metstdn></metstdn><metstdv></metstdv><mettc></mettc><metrd></metrd><metfrd></metfrd><metac></metac><metuc></metuc><metc><cntinfo/></metc><metsi><metscs></metscs><metsc></metsc><metshd></metshd></metsi></metainfo><spref><horizsys><cordsysn><geogcsn Sync="TRUE">GCS_WGS_1984</geogcsn></cordsysn><geodetic><horizdn Sync="TRUE">D_WGS_1984</horizdn><ellips Sync="TRUE">WGS_1984</ellips><semiaxis Sync="TRUE">6378137</semiaxis></geodetic></horizsys></spref><dataqual><logic>- Data spasial belum di cek topology errror, sehingga memungkinkan perhitungan digital tidak sama dengan angka cetak.
- Terdapat perbedaan batas administrasi sehingga dimungkinkan tumpang tindih dan gap.</logic><complete></complete><attracc><attraccr>atribut mencantumkan kode provinsi sesuai dengan kamus data spasial kehutanan dan nomor SK terakhir masing2 provinsi</attraccr></attracc><posacc><horizpa><horizpar>batas kawasan perlu dicek kembali dengan batas dilapangan sesuai dengan BATB kawasan hutan</horizpar></horizpa><vertacc><vertaccr></vertaccr></vertacc></posacc></dataqual><mdChar><CharSetCd value="004" Sync="TRUE"></CharSetCd></mdChar></metadata>
